lei,fxo_id,period_end,country,package_url,full_url
549300TRUWO2CD2G5692,549300TRUWO2CD2G5692-2023-12-31-ESEF-IT-1,2023-12-31,IT,/549300TRUWO2CD2G5692/2023-12-31/ESEF/IT/1/549300TRUWO2CD2G5692-2023-12-31.zip,https://filings.xbrl.org/549300TRUWO2CD2G5692/2023-12-31/ESEF/IT/1/549300TRUWO2CD2G5692-2023-12-31.zip
2221005IWV4R4EP4D553,2221005IWV4R4EP4D553-2023-12-31-ESEF-IT-0,2023-12-31,IT,/2221005IWV4R4EP4D553/2023-12-31/ESEF/IT/0/2221005IWV4R4EP4D553-2023-12-31.zip,https://filings.xbrl.org/2221005IWV4R4EP4D553/2023-12-31/ESEF/IT/0/2221005IWV4R4EP4D553-2023-12-31.zip
529900X4EEX1U9LN3U39,529900X4EEX1U9LN3U39-2023-12-31-ESEF-IT-0,2023-12-31,IT,/529900X4EEX1U9LN3U39/2023-12-31/ESEF/IT/0/529900X4EEX1U9LN3U39-2023-12-31-it.zip,https://filings.xbrl.org/529900X4EEX1U9LN3U39/2023-12-31/ESEF/IT/0/529900X4EEX1U9LN3U39-2023-12-31-it.zip
549300TRUWO2CD2G5692,549300TRUWO2CD2G5692-2023-12-31-ESEF-IT-0,2023-12-31,IT,/549300TRUWO2CD2G5692/2023-12-31/ESEF/IT/0/549300TRUWO2CD2G5692-2023-12-31.zip,https://filings.xbrl.org/549300TRUWO2CD2G5692/2023-12-31/ESEF/IT/0/549300TRUWO2CD2G5692-2023-12-31.zip
549300R72LKEGT4EX026,549300R72LKEGT4EX026-2023-12-31-ESEF-IT-0,2023-12-31,IT,/549300R72LKEGT4EX026/2023-12-31/ESEF/IT/0/549300R72LKEGT4EX026-2023-12-31.zip,https://filings.xbrl.org/549300R72LKEGT4EX026/2023-12-31/ESEF/IT/0/549300R72LKEGT4EX026-2023-12-31.zip
815600A0C9AFC1F2A709,815600A0C9AFC1F2A709-2023-12-31-ESEF-IT-0,2023-12-31,IT,/815600A0C9AFC1F2A709/2023-12-31/ESEF/IT/0/815600A0C9AFC1F2A709-2023-12-31-it.zip,https://filings.xbrl.org/815600A0C9AFC1F2A709/2023-12-31/ESEF/IT/0/815600A0C9AFC1F2A709-2023-12-31-it.zip
549300R72LKEGT4EX026,549300R72LKEGT4EX026-2023-12-31-ESEF-IT-1,2023-12-31,IT,/549300R72LKEGT4EX026/2023-12-31/ESEF/IT/1/549300R72LKEGT4EX026-2023-12-31.zip,https://filings.xbrl.org/549300R72LKEGT4EX026/2023-12-31/ESEF/IT/1/549300R72LKEGT4EX026-2023-12-31.zip
8156005D6ADE56371580,8156005D6ADE56371580-2023-12-31-ESEF-IT-0,2023-12-31,IT,/8156005D6ADE56371580/2023-12-31/ESEF/IT/0/8156005D6ADE56371580-2023-12-31-it.zip,https://filings.xbrl.org/8156005D6ADE56371580/2023-12-31/ESEF/IT/0/8156005D6ADE56371580-2023-12-31-it.zip
815600CF7B5169BBF109,815600CF7B5169BBF109-2023-12-31-ESEF-IT-0,2023-12-31,IT,/815600CF7B5169BBF109/2023-12-31/ESEF/IT/0/815600CF7B5169BBF109-2023-12-31-it.zip,https://filings.xbrl.org/815600CF7B5169BBF109/2023-12-31/ESEF/IT/0/815600CF7B5169BBF109-2023-12-31-it.zip
815600354DEDBD0BA991,815600354DEDBD0BA991-2023-12-31-ESEF-IT-0,2023-12-31,IT,/815600354DEDBD0BA991/2023-12-31/ESEF/IT/0/815600354DEDBD0BA991-2023-12-31.zip,https://filings.xbrl.org/815600354DEDBD0BA991/2023-12-31/ESEF/IT/0/815600354DEDBD0BA991-2023-12-31.zip
81560069517A53E0F607,81560069517A53E0F607-2023-12-31-ESEF-IT-0,2023-12-31,IT,/81560069517A53E0F607/2023-12-31/ESEF/IT/0/81560069517A53E0F607-2023-12-31.zip,https://filings.xbrl.org/81560069517A53E0F607/2023-12-31/ESEF/IT/0/81560069517A53E0F607-2023-12-31.zip
213800V41GEZTRIJT462,213800V41GEZTRIJT462-2023-12-31-ESEF-IT-0,2023-12-31,IT,/213800V41GEZTRIJT462/2023-12-31/ESEF/IT/0/213800V41GEZTRIJT462-2023-12-31-it.zip,https://filings.xbrl.org/213800V41GEZTRIJT462/2023-12-31/ESEF/IT/0/213800V41GEZTRIJT462-2023-12-31-it.zip
8156008D2857B5A0B033,8156008D2857B5A0B033-2023-12-31-ESEF-IT-0,2023-12-31,IT,/8156008D2857B5A0B033/2023-12-31/ESEF/IT/0/8156008D2857B5A0B033-2023-12-31-it.zip,https://filings.xbrl.org/8156008D2857B5A0B033/2023-12-31/ESEF/IT/0/8156008D2857B5A0B033-2023-12-31-it.zip
549300L7YCATGO57ZE10,549300L7YCATGO57ZE10-2023-12-31-ESEF-IT-0,2023-12-31,IT,/549300L7YCATGO57ZE10/2023-12-31/ESEF/IT/0/549300L7YCATGO57ZE10-2023-12-31.zip,https://filings.xbrl.org/549300L7YCATGO57ZE10/2023-12-31/ESEF/IT/0/549300L7YCATGO57ZE10-2023-12-31.zip
8156008E82BF2BFE0A35,8156008E82BF2BFE0A35-2023-12-31-ESEF-IT-0,2023-12-31,IT,/8156008E82BF2BFE0A35/2023-12-31/ESEF/IT/0/8156008E82BF2BFE0A35-2023-12-31-it.zip,https://filings.xbrl.org/8156008E82BF2BFE0A35/2023-12-31/ESEF/IT/0/8156008E82BF2BFE0A35-2023-12-31-it.zip
549300BLWVJN2BAT0A44,549300BLWVJN2BAT0A44-2023-12-31-ESEF-IT-0,2023-12-31,IT,/549300BLWVJN2BAT0A44/2023-12-31/ESEF/IT/0/549300BLWVJN2BAT0A44-2023-12-31-it.zip,https://filings.xbrl.org/549300BLWVJN2BAT0A44/2023-12-31/ESEF/IT/0/549300BLWVJN2BAT0A44-2023-12-31-it.zip
J4CP7MHCXR8DAQMKIL78,J4CP7MHCXR8DAQMKIL78-2023-12-31-ESEF-IT-0,2023-12-31,IT,/J4CP7MHCXR8DAQMKIL78/2023-12-31/ESEF/IT/0/J4CP7MHCXR8DAQMKIL78-2023-12-31.zip,https://filings.xbrl.org/J4CP7MHCXR8DAQMKIL78/2023-12-31/ESEF/IT/0/J4CP7MHCXR8DAQMKIL78-2023-12-31.zip
815600A029117B20DD63,815600A029117B20DD63-2023-12-31-ESEF-IT-0,2023-12-31,IT,/815600A029117B20DD63/2023-12-31/ESEF/IT/0/815600A029117B20DD63-2023-12-31.zip,https://filings.xbrl.org/815600A029117B20DD63/2023-12-31/ESEF/IT/0/815600A029117B20DD63-2023-12-31.zip
549300Q3448N041CTH56,549300Q3448N041CTH56-2023-12-31-ESEF-IT-0,2023-12-31,IT,/549300Q3448N041CTH56/2023-12-31/ESEF/IT/0/549300Q3448N041CTH56-2023-12-31.zip,https://filings.xbrl.org/549300Q3448N041CTH56/2023-12-31/ESEF/IT/0/549300Q3448N041CTH56-2023-12-31.zip
8156001895E0F4E7A803,8156001895E0F4E7A803-2023-12-31-ESEF-IT-0,2023-12-31,IT,/8156001895E0F4E7A803/2023-12-31/ESEF/IT/0/8156001895E0F4E7A803-2023-12-31-it.zip,https://filings.xbrl.org/8156001895E0F4E7A803/2023-12-31/ESEF/IT/0/8156001895E0F4E7A803-2023-12-31-it.zip
815600DAEFB0388F3521,815600DAEFB0388F3521-2023-12-31-ESEF-IT-0,2023-12-31,IT,/815600DAEFB0388F3521/2023-12-31/ESEF/IT/0/815600DAEFB0388F3521-2023-12-31.zip,https://filings.xbrl.org/815600DAEFB0388F3521/2023-12-31/ESEF/IT/0/815600DAEFB0388F3521-2023-12-31.zip
8156007AF7DB5FE05555,8156007AF7DB5FE05555-2023-12-31-ESEF-IT-1,2023-12-31,IT,/8156007AF7DB5FE05555/2023-12-31/ESEF/IT/1/8156007AF7DB5FE05555-2023-12-31-it.zip,https://filings.xbrl.org/8156007AF7DB5FE05555/2023-12-31/ESEF/IT/1/8156007AF7DB5FE05555-2023-12-31-it.zip
81560012F663E89E7085,81560012F663E89E7085-2023-12-31-ESEF-IT-0,2023-12-31,IT,/81560012F663E89E7085/2023-12-31/ESEF/IT/0/81560012F663E89E7085-2023-12-31.zip,https://filings.xbrl.org/81560012F663E89E7085/2023-12-31/ESEF/IT/0/81560012F663E89E7085-2023-12-31.zip
8156004E40D6A02C5046,8156004E40D6A02C5046-2023-12-31-ESEF-IT-0,2023-12-31,IT,/8156004E40D6A02C5046/2023-12-31/ESEF/IT/0/8156004E40D6A02C5046-2023-12-31.zip,https://filings.xbrl.org/8156004E40D6A02C5046/2023-12-31/ESEF/IT/0/8156004E40D6A02C5046-2023-12-31.zip
81560094A389646CAF21,81560094A389646CAF21-2023-12-31-ESEF-IT-0,2023-12-31,IT,/81560094A389646CAF21/2023-12-31/ESEF/IT/0/81560094A389646CAF21-2023-12-31.zip,https://filings.xbrl.org/81560094A389646CAF21/2023-12-31/ESEF/IT/0/81560094A389646CAF21-2023-12-31.zip
815600925CD848EDBA96,815600925CD848EDBA96-2023-12-31-ESEF-IT-0,2023-12-31,IT,/815600925CD848EDBA96/2023-12-31/ESEF/IT/0/815600925CD848EDBA96-2023-12-31-it.zip,https://filings.xbrl.org/815600925CD848EDBA96/2023-12-31/ESEF/IT/0/815600925CD848EDBA96-2023-12-31-it.zip
81560026FB4FD48C6110,81560026FB4FD48C6110-2023-12-31-ESEF-IT-0,2023-12-31,IT,/81560026FB4FD48C6110/2023-12-31/ESEF/IT/0/81560026FB4FD48C6110-2023-12-31-it.zip,https://filings.xbrl.org/81560026FB4FD48C6110/2023-12-31/ESEF/IT/0/81560026FB4FD48C6110-2023-12-31-it.zip
815600C851C90CAE6438,815600C851C90CAE6438-2023-12-31-ESEF-IT-0,2023-12-31,IT,/815600C851C90CAE6438/2023-12-31/ESEF/IT/0/815600C851C90CAE6438-2023-12-31.zip,https://filings.xbrl.org/815600C851C90CAE6438/2023-12-31/ESEF/IT/0/815600C851C90CAE6438-2023-12-31.zip
549300O7SBDSNG4IB582,549300O7SBDSNG4IB582-2023-12-31-ESEF-IT-0,2023-12-31,IT,/549300O7SBDSNG4IB582/2023-12-31/ESEF/IT/0/549300O7SBDSNG4IB582-2023-12-31-it.zip,https://filings.xbrl.org/549300O7SBDSNG4IB582/2023-12-31/ESEF/IT/0/549300O7SBDSNG4IB582-2023-12-31-it.zip
81560094D50B119C1486,81560094D50B119C1486-2023-12-31-ESEF-IT-0,2023-12-31,IT,/81560094D50B119C1486/2023-12-31/ESEF/IT/0/81560094D50B119C1486-2023-12-31-it.zip,https://filings.xbrl.org/81560094D50B119C1486/2023-12-31/ESEF/IT/0/81560094D50B119C1486-2023-12-31-it.zip
8156008BFBC06F53DD56,8156008BFBC06F53DD56-2023-12-31-ESEF-IT-0,2023-12-31,IT,/8156008BFBC06F53DD56/2023-12-31/ESEF/IT/0/8156008BFBC06F53DD56-2023-12-31-it.zip,https://filings.xbrl.org/8156008BFBC06F53DD56/2023-12-31/ESEF/IT/0/8156008BFBC06F53DD56-2023-12-31-it.zip
81560069957E4ACDD336,81560069957E4ACDD336-2023-12-31-ESEF-IT-0,2023-12-31,IT,/81560069957E4ACDD336/2023-12-31/ESEF/IT/0/81560069957E4ACDD336-2023-12-31.zip,https://filings.xbrl.org/81560069957E4ACDD336/2023-12-31/ESEF/IT/0/81560069957E4ACDD336-2023-12-31.zip
815600AB6FA8AADC8739,815600AB6FA8AADC8739-2023-12-31-ESEF-IT-0,2023-12-31,IT,/815600AB6FA8AADC8739/2023-12-31/ESEF/IT/0/fnm-2023-12-31-it.zip,https://filings.xbrl.org/815600AB6FA8AADC8739/2023-12-31/ESEF/IT/0/fnm-2023-12-31-it.zip
815600E31C4E7006AB54,815600E31C4E7006AB54-2023-12-31-ESEF-IT-1,2023-12-31,IT,/815600E31C4E7006AB54/2023-12-31/ESEF/IT/1/815600E31C4E7006AB54-2023-12-31-it.zip,https://filings.xbrl.org/815600E31C4E7006AB54/2023-12-31/ESEF/IT/1/815600E31C4E7006AB54-2023-12-31-it.zip
8156007E3375956ADD08,8156007E3375956ADD08-2023-12-31-ESEF-IT-1,2023-12-31,IT,/8156007E3375956ADD08/2023-12-31/ESEF/IT/1/8156007E3375956ADD08-2023-12-31.zip,https://filings.xbrl.org/8156007E3375956ADD08/2023-12-31/ESEF/IT/1/8156007E3375956ADD08-2023-12-31.zip
815600E787F3B6565561,815600E787F3B6565561-2023-12-31-ESEF-IT-0,2023-12-31,IT,/815600E787F3B6565561/2023-12-31/ESEF/IT/0/815600E787F3B6565561-2023-12-31.zip,https://filings.xbrl.org/815600E787F3B6565561/2023-12-31/ESEF/IT/0/815600E787F3B6565561-2023-12-31.zip
815600F40754716D2D91,815600F40754716D2D91-2023-12-31-ESEF-IT-0,2023-12-31,IT,/815600F40754716D2D91/2023-12-31/ESEF/IT/0/815600F40754716D2D91-2023-12-31-it.zip,https://filings.xbrl.org/815600F40754716D2D91/2023-12-31/ESEF/IT/0/815600F40754716D2D91-2023-12-31-it.zip
5493005HPJ40IY377O47,5493005HPJ40IY377O47-2023-12-31-ESEF-IT-0,2023-12-31,IT,/5493005HPJ40IY377O47/2023-12-31/ESEF/IT/0/5493005HPJ40IY377O47-2023-12-31.zip,https://filings.xbrl.org/5493005HPJ40IY377O47/2023-12-31/ESEF/IT/0/5493005HPJ40IY377O47-2023-12-31.zip
815600C8F6D5ACBA9F86,815600C8F6D5ACBA9F86-2023-12-31-ESEF-IT-0,2023-12-31,IT,/815600C8F6D5ACBA9F86/2023-12-31/ESEF/IT/0/815600C8F6D5ACBA9F86-2023-12-31.zip,https://filings.xbrl.org/815600C8F6D5ACBA9F86/2023-12-31/ESEF/IT/0/815600C8F6D5ACBA9F86-2023-12-31.zip
815600AB2BDB42BC0E81,815600AB2BDB42BC0E81-2023-12-31-ESEF-IT-0,2023-12-31,IT,/815600AB2BDB42BC0E81/2023-12-31/ESEF/IT/0/815600AB2BDB42BC0E81-2023-12-31-it.zip,https://filings.xbrl.org/815600AB2BDB42BC0E81/2023-12-31/ESEF/IT/0/815600AB2BDB42BC0E81-2023-12-31-it.zip
8156005420362AE59184,8156005420362AE59184-2023-12-31-ESEF-IT-0,2023-12-31,IT,/8156005420362AE59184/2023-12-31/ESEF/IT/0/8156005420362AE59184-2023-12-31.zip,https://filings.xbrl.org/8156005420362AE59184/2023-12-31/ESEF/IT/0/8156005420362AE59184-2023-12-31.zip
815600903231FA2E7698,815600903231FA2E7698-2023-12-31-ESEF-IT-0,2023-12-31,IT,/815600903231FA2E7698/2023-12-31/ESEF/IT/0/815600903231FA2E7698-2023-12-31.zip,https://filings.xbrl.org/815600903231FA2E7698/2023-12-31/ESEF/IT/0/815600903231FA2E7698-2023-12-31.zip
815600BEB2A5426B0084,815600BEB2A5426B0084-2023-12-31-ESEF-IT-0,2023-12-31,IT,/815600BEB2A5426B0084/2023-12-31/ESEF/IT/0/815600BEB2A5426B0084-2023-12-31-it.zip,https://filings.xbrl.org/815600BEB2A5426B0084/2023-12-31/ESEF/IT/0/815600BEB2A5426B0084-2023-12-31-it.zip
815600C36B3D0988AB30,815600C36B3D0988AB30-2023-12-31-ESEF-IT-1,2023-12-31,IT,/815600C36B3D0988AB30/2023-12-31/ESEF/IT/1/aqf-2023-12-31-IT.zip,https://filings.xbrl.org/815600C36B3D0988AB30/2023-12-31/ESEF/IT/1/aqf-2023-12-31-IT.zip
81560028375CEF68C972,81560028375CEF68C972-2023-12-31-ESEF-IT-0,2023-12-31,IT,/81560028375CEF68C972/2023-12-31/ESEF/IT/0/81560028375CEF68C972-2023-12-31-it.zip,https://filings.xbrl.org/81560028375CEF68C972/2023-12-31/ESEF/IT/0/81560028375CEF68C972-2023-12-31-it.zip
81560054B48979390098,81560054B48979390098-2023-12-31-ESEF-IT-0,2023-12-31,IT,/81560054B48979390098/2023-12-31/ESEF/IT/0/81560054B48979390098-2023-12-31-it.zip,https://filings.xbrl.org/81560054B48979390098/2023-12-31/ESEF/IT/0/81560054B48979390098-2023-12-31-it.zip
815600CF5C54AA9C0721,815600CF5C54AA9C0721-2023-12-31-ESEF-IT-0,2023-12-31,IT,/815600CF5C54AA9C0721/2023-12-31/ESEF/IT/0/815600CF5C54AA9C0721-2023-12-31-it.zip,https://filings.xbrl.org/815600CF5C54AA9C0721/2023-12-31/ESEF/IT/0/815600CF5C54AA9C0721-2023-12-31-it.zip
815600E546497667D288,815600E546497667D288-2023-12-31-ESEF-IT-0,2023-12-31,IT,/815600E546497667D288/2023-12-31/ESEF/IT/0/815600E546497667D288-2023-12-31.zip,https://filings.xbrl.org/815600E546497667D288/2023-12-31/ESEF/IT/0/815600E546497667D288-2023-12-31.zip
815600DFC29A91FF0C71,815600DFC29A91FF0C71-2023-12-31-ESEF-IT-0,2023-12-31,IT,/815600DFC29A91FF0C71/2023-12-31/ESEF/IT/0/815600DFC29A91FF0C71-2023-12-31IT.zip,https://filings.xbrl.org/815600DFC29A91FF0C71/2023-12-31/ESEF/IT/0/815600DFC29A91FF0C71-2023-12-31IT.zip
8156009111DEE8553765,8156009111DEE8553765-2023-12-31-ESEF-IT-0,2023-12-31,IT,/8156009111DEE8553765/2023-12-31/ESEF/IT/0/8156009111DEE8553765-2023-12-31-it.zip,https://filings.xbrl.org/8156009111DEE8553765/2023-12-31/ESEF/IT/0/8156009111DEE8553765-2023-12-31-it.zip
815600EE49F8DB9B8491,815600EE49F8DB9B8491-2023-12-31-ESEF-IT-0,2023-12-31,IT,/815600EE49F8DB9B8491/2023-12-31/ESEF/IT/0/815600EE49F8DB9B8491-2023-12-31-it.zip,https://filings.xbrl.org/815600EE49F8DB9B8491/2023-12-31/ESEF/IT/0/815600EE49F8DB9B8491-2023-12-31-it.zip
8156007367A2044B7685,8156007367A2044B7685-2023-12-31-ESEF-IT-0,2023-12-31,IT,/8156007367A2044B7685/2023-12-31/ESEF/IT/0/8156007367A2044B7685-2023-12-31-it.zip,https://filings.xbrl.org/8156007367A2044B7685/2023-12-31/ESEF/IT/0/8156007367A2044B7685-2023-12-31-it.zip
8156005E235E751B6662,8156005E235E751B6662-2023-12-31-ESEF-IT-0,2023-12-31,IT,/8156005E235E751B6662/2023-12-31/ESEF/IT/0/8156005E235E751B6662-2023-12-31-it.zip,https://filings.xbrl.org/8156005E235E751B6662/2023-12-31/ESEF/IT/0/8156005E235E751B6662-2023-12-31-it.zip
815600FBF92FD3531704,815600FBF92FD3531704-2023-12-31-ESEF-IT-0,2023-12-31,IT,/815600FBF92FD3531704/2023-12-31/ESEF/IT/0/815600FBF92FD3531704-2023-12-31-en.zip,https://filings.xbrl.org/815600FBF92FD3531704/2023-12-31/ESEF/IT/0/815600FBF92FD3531704-2023-12-31-en.zip
815600F231566A38BC43,815600F231566A38BC43-2023-12-31-ESEF-IT-0,2023-12-31,IT,/815600F231566A38BC43/2023-12-31/ESEF/IT/0/815600F231566A38BC43-2023-12-31-it.zip,https://filings.xbrl.org/815600F231566A38BC43/2023-12-31/ESEF/IT/0/815600F231566A38BC43-2023-12-31-it.zip
8156009C6B018FE67A34,8156009C6B018FE67A34-2023-12-31-ESEF-IT-0,2023-12-31,IT,/8156009C6B018FE67A34/2023-12-31/ESEF/IT/0/8156009C6B018FE67A34-2023-12-31-it.zip,https://filings.xbrl.org/8156009C6B018FE67A34/2023-12-31/ESEF/IT/0/8156009C6B018FE67A34-2023-12-31-it.zip
81560026FA1A26642782,81560026FA1A26642782-2023-12-31-ESEF-IT-1,2023-12-31,IT,/81560026FA1A26642782/2023-12-31/ESEF/IT/1/81560026FA1A26642782-2023-12-31-it.zip,https://filings.xbrl.org/81560026FA1A26642782/2023-12-31/ESEF/IT/1/81560026FA1A26642782-2023-12-31-it.zip
81560066183FE361C071,81560066183FE361C071-2023-12-31-ESEF-IT-0,2023-12-31,IT,/81560066183FE361C071/2023-12-31/ESEF/IT/0/81560066183FE361C071-2023-12-31-it.zip,https://filings.xbrl.org/81560066183FE361C071/2023-12-31/ESEF/IT/0/81560066183FE361C071-2023-12-31-it.zip
549300BLWVJN2BAT0A44,549300BLWVJN2BAT0A44-2023-12-31-ESEF-IT-1,2023-12-31,IT,/549300BLWVJN2BAT0A44/2023-12-31/ESEF/IT/1/549300BLWVJN2BAT0A44-2023-12-31-it.zip,https://filings.xbrl.org/549300BLWVJN2BAT0A44/2023-12-31/ESEF/IT/1/549300BLWVJN2BAT0A44-2023-12-31-it.zip
8156000BA1E707067579,8156000BA1E707067579-2023-12-31-ESEF-IT-0,2023-12-31,IT,/8156000BA1E707067579/2023-12-31/ESEF/IT/0/8156000BA1E707067579-2023-12-31-it.zip,https://filings.xbrl.org/8156000BA1E707067579/2023-12-31/ESEF/IT/0/8156000BA1E707067579-2023-12-31-it.zip
8156007154CD8334D053,8156007154CD8334D053-2023-12-31-ESEF-IT-0,2023-12-31,IT,/8156007154CD8334D053/2023-12-31/ESEF/IT/0/8156007154CD8334D053-2023-12-31.zip,https://filings.xbrl.org/8156007154CD8334D053/2023-12-31/ESEF/IT/0/8156007154CD8334D053-2023-12-31.zip
8156007AF7DB5FE05555,8156007AF7DB5FE05555-2023-12-31-ESEF-IT-0,2023-12-31,IT,/8156007AF7DB5FE05555/2023-12-31/ESEF/IT/0/8156007AF7DB5FE05555-2023-12-31-en.zip,https://filings.xbrl.org/8156007AF7DB5FE05555/2023-12-31/ESEF/IT/0/8156007AF7DB5FE05555-2023-12-31-en.zip
81560096E0DA76818C96,81560096E0DA76818C96-2023-12-31-ESEF-IT-0,2023-12-31,IT,/81560096E0DA76818C96/2023-12-31/ESEF/IT/0/81560096E0DA76818C96-2023-12-31-it.zip,https://filings.xbrl.org/81560096E0DA76818C96/2023-12-31/ESEF/IT/0/81560096E0DA76818C96-2023-12-31-it.zip
8156004E40D6A02C5046,8156004E40D6A02C5046-2023-12-31-ESEF-IT-1,2023-12-31,IT,/8156004E40D6A02C5046/2023-12-31/ESEF/IT/1/8156004E40D6A02C5046-2023-12-31.zip,https://filings.xbrl.org/8156004E40D6A02C5046/2023-12-31/ESEF/IT/1/8156004E40D6A02C5046-2023-12-31.zip
5493003CX2RZ0FOBH256,5493003CX2RZ0FOBH256-2023-12-31-ESEF-IT-0,2023-12-31,IT,/5493003CX2RZ0FOBH256/2023-12-31/ESEF/IT/0/5493003CX2RZ0FOBH256-2023-12-31.zip,https://filings.xbrl.org/5493003CX2RZ0FOBH256/2023-12-31/ESEF/IT/0/5493003CX2RZ0FOBH256-2023-12-31.zip
815600A9C09D82FF2B66,815600A9C09D82FF2B66-2023-12-31-ESEF-IT-0,2023-12-31,IT,/815600A9C09D82FF2B66/2023-12-31/ESEF/IT/0/815600A9C09D82FF2B66-2023-12-31-it.zip,https://filings.xbrl.org/815600A9C09D82FF2B66/2023-12-31/ESEF/IT/0/815600A9C09D82FF2B66-2023-12-31-it.zip
815600DB65870B3F2A12,815600DB65870B3F2A12-2023-12-31-ESEF-IT-0,2023-12-31,IT,/815600DB65870B3F2A12/2023-12-31/ESEF/IT/0/815600DB65870B3F2A12-2023-12-31.zip,https://filings.xbrl.org/815600DB65870B3F2A12/2023-12-31/ESEF/IT/0/815600DB65870B3F2A12-2023-12-31.zip
815600D3D12A6EAC9004,815600D3D12A6EAC9004-2023-12-31-ESEF-IT-0,2023-12-31,IT,/815600D3D12A6EAC9004/2023-12-31/ESEF/IT/0/815600D3D12A6EAC9004-2023-12-31-it.zip,https://filings.xbrl.org/815600D3D12A6EAC9004/2023-12-31/ESEF/IT/0/815600D3D12A6EAC9004-2023-12-31-it.zip
81560090173FFC67B069,81560090173FFC67B069-2023-12-31-ESEF-IT-0,2023-12-31,IT,/81560090173FFC67B069/2023-12-31/ESEF/IT/0/81560090173FFC67B069-2023-12-31-it.zip,https://filings.xbrl.org/81560090173FFC67B069/2023-12-31/ESEF/IT/0/81560090173FFC67B069-2023-12-31-it.zip
815600DC9FA897709242,815600DC9FA897709242-2023-12-31-ESEF-IT-0,2023-12-31,IT,/815600DC9FA897709242/2023-12-31/ESEF/IT/0/815600DC9FA897709242-2023-12-31-it.zip,https://filings.xbrl.org/815600DC9FA897709242/2023-12-31/ESEF/IT/0/815600DC9FA897709242-2023-12-31-it.zip
8156005CE5E7340CCA86,8156005CE5E7340CCA86-2023-12-31-ESEF-IT-0,2023-12-31,IT,/8156005CE5E7340CCA86/2023-12-31/ESEF/IT/0/8156005CE5E7340CCA86-2023-12-31-en.zip,https://filings.xbrl.org/8156005CE5E7340CCA86/2023-12-31/ESEF/IT/0/8156005CE5E7340CCA86-2023-12-31-en.zip
815600E31C4E7006AB54,815600E31C4E7006AB54-2023-12-31-ESEF-IT-0,2023-12-31,IT,/815600E31C4E7006AB54/2023-12-31/ESEF/IT/0/815600E31C4E7006AB54_2023-12-31-en.zip,https://filings.xbrl.org/815600E31C4E7006AB54/2023-12-31/ESEF/IT/0/815600E31C4E7006AB54_2023-12-31-en.zip
8156005CE5E7340CCA86,8156005CE5E7340CCA86-2023-12-31-ESEF-IT-1,2023-12-31,IT,/8156005CE5E7340CCA86/2023-12-31/ESEF/IT/1/8156005CE5E7340CCA86-2023-12-31-it.zip,https://filings.xbrl.org/8156005CE5E7340CCA86/2023-12-31/ESEF/IT/1/8156005CE5E7340CCA86-2023-12-31-it.zip
8156007E3375956ADD08,8156007E3375956ADD08-2023-12-31-ESEF-IT-0,2023-12-31,IT,/8156007E3375956ADD08/2023-12-31/ESEF/IT/0/8156007E3375956ADD08-2023-12-31.zip,https://filings.xbrl.org/8156007E3375956ADD08/2023-12-31/ESEF/IT/0/8156007E3375956ADD08-2023-12-31.zip
815600AA4525479C8138,815600AA4525479C8138-2023-12-31-ESEF-IT-0,2023-12-31,IT,/815600AA4525479C8138/2023-12-31/ESEF/IT/0/815600AA4525479C8138-2023-12-31-it.zip,https://filings.xbrl.org/815600AA4525479C8138/2023-12-31/ESEF/IT/0/815600AA4525479C8138-2023-12-31-it.zip
815600E90F75EE920594,815600E90F75EE920594-2023-12-31-ESEF-IT-0,2023-12-31,IT,/815600E90F75EE920594/2023-12-31/ESEF/IT/0/815600E90F75EE920594-2023-12-31.zip,https://filings.xbrl.org/815600E90F75EE920594/2023-12-31/ESEF/IT/0/815600E90F75EE920594-2023-12-31.zip
5493005GRP0FEE3NRI35,5493005GRP0FEE3NRI35-2023-12-31-ESEF-IT-0,2023-12-31,IT,/5493005GRP0FEE3NRI35/2023-12-31/ESEF/IT/0/5493005GRP0FEE3NRI35-2023-12-31-it.zip,https://filings.xbrl.org/5493005GRP0FEE3NRI35/2023-12-31/ESEF/IT/0/5493005GRP0FEE3NRI35-2023-12-31-it.zip
815600CF8C0389D0E272,815600CF8C0389D0E272-2023-12-31-ESEF-IT-0,2023-12-31,IT,/815600CF8C0389D0E272/2023-12-31/ESEF/IT/0/815600CF8C0389D0E272-2023-12-31.zip,https://filings.xbrl.org/815600CF8C0389D0E272/2023-12-31/ESEF/IT/0/815600CF8C0389D0E272-2023-12-31.zip
815600ABFF26D15A4920,815600ABFF26D15A4920-2023-12-31-ESEF-IT-0,2023-12-31,IT,/815600ABFF26D15A4920/2023-12-31/ESEF/IT/0/815600ABFF26D15A4920-2023-12-31-it.zip,https://filings.xbrl.org/815600ABFF26D15A4920/2023-12-31/ESEF/IT/0/815600ABFF26D15A4920-2023-12-31-it.zip
815600115DA6E507AE33,815600115DA6E507AE33-2023-12-31-ESEF-IT-0,2023-12-31,IT,/815600115DA6E507AE33/2023-12-31/ESEF/IT/0/815600115DA6E507AE33-2023-12-31-it.zip,https://filings.xbrl.org/815600115DA6E507AE33/2023-12-31/ESEF/IT/0/815600115DA6E507AE33-2023-12-31-it.zip
815600C36B3D0988AB30,815600C36B3D0988AB30-2023-12-31-ESEF-IT-0,2023-12-31,IT,/815600C36B3D0988AB30/2023-12-31/ESEF/IT/0/aqf-2023-12-31-EN.zip,https://filings.xbrl.org/815600C36B3D0988AB30/2023-12-31/ESEF/IT/0/aqf-2023-12-31-EN.zip
815600A033443037ED66,815600A033443037ED66-2023-12-31-ESEF-IT-0,2023-12-31,IT,/815600A033443037ED66/2023-12-31/ESEF/IT/0/815600A033443037ED66-2023-12-31-it.zip,https://filings.xbrl.org/815600A033443037ED66/2023-12-31/ESEF/IT/0/815600A033443037ED66-2023-12-31-it.zip
7LVZJ6XRIE7VNZ4UBX81,7LVZJ6XRIE7VNZ4UBX81-2023-12-31-ESEF-IT-0,2023-12-31,IT,/7LVZJ6XRIE7VNZ4UBX81/2023-12-31/ESEF/IT/0/7LVZJ6XRIE7VNZ4UBX81-2023-12-31.zip,https://filings.xbrl.org/7LVZJ6XRIE7VNZ4UBX81/2023-12-31/ESEF/IT/0/7LVZJ6XRIE7VNZ4UBX81-2023-12-31.zip
8156004604684CA44A90,8156004604684CA44A90-2023-12-31-ESEF-IT-0,2023-12-31,IT,/8156004604684CA44A90/2023-12-31/ESEF/IT/0/8156004604684CA44A90-2023-12-31-it.zip,https://filings.xbrl.org/8156004604684CA44A90/2023-12-31/ESEF/IT/0/8156004604684CA44A90-2023-12-31-it.zip
815600EAD78C57FCE690,815600EAD78C57FCE690-2023-12-31-ESEF-IT-0,2023-12-31,IT,/815600EAD78C57FCE690/2023-12-31/ESEF/IT/0/815600EAD78C57FCE690-2023-12-31.zip,https://filings.xbrl.org/815600EAD78C57FCE690/2023-12-31/ESEF/IT/0/815600EAD78C57FCE690-2023-12-31.zip
815600EBD7FB00525B20,815600EBD7FB00525B20-2023-12-31-ESEF-IT-0,2023-12-31,IT,/815600EBD7FB00525B20/2023-12-31/ESEF/IT/0/moncler-2023-12-31-IT.zip,https://filings.xbrl.org/815600EBD7FB00525B20/2023-12-31/ESEF/IT/0/moncler-2023-12-31-IT.zip
815600F8217BC7733697,815600F8217BC7733697-2023-12-31-ESEF-IT-0,2023-12-31,IT,/815600F8217BC7733697/2023-12-31/ESEF/IT/0/815600F8217BC7733697-2023-12-31.zip,https://filings.xbrl.org/815600F8217BC7733697/2023-12-31/ESEF/IT/0/815600F8217BC7733697-2023-12-31.zip
81560035783FD9E2E641,81560035783FD9E2E641-2023-12-31-ESEF-IT-0,2023-12-31,IT,/81560035783FD9E2E641/2023-12-31/ESEF/IT/0/81560035783FD9E2E641-2023-12-31.zip,https://filings.xbrl.org/81560035783FD9E2E641/2023-12-31/ESEF/IT/0/81560035783FD9E2E641-2023-12-31.zip
81560042E27150979C13,81560042E27150979C13-2023-12-31-ESEF-IT-0,2023-12-31,IT,/81560042E27150979C13/2023-12-31/ESEF/IT/0/81560042E27150979C13-2023-12-31.zip,https://filings.xbrl.org/81560042E27150979C13/2023-12-31/ESEF/IT/0/81560042E27150979C13-2023-12-31.zip
8156008B8E5062681624,8156008B8E5062681624-2023-12-31-ESEF-IT-0,2023-12-31,IT,/8156008B8E5062681624/2023-12-31/ESEF/IT/0/8156008B8E5062681624-2023-12-31.zip,https://filings.xbrl.org/8156008B8E5062681624/2023-12-31/ESEF/IT/0/8156008B8E5062681624-2023-12-31.zip
815600522538355AE429,815600522538355AE429-2023-12-31-ESEF-IT-0,2023-12-31,IT,/815600522538355AE429/2023-12-31/ESEF/IT/0/815600522538355AE429-2023-12-31.zip,https://filings.xbrl.org/815600522538355AE429/2023-12-31/ESEF/IT/0/815600522538355AE429-2023-12-31.zip
815600FBF92FD3531704,815600FBF92FD3531704-2023-12-31-ESEF-IT-1,2023-12-31,IT,/815600FBF92FD3531704/2023-12-31/ESEF/IT/1/815600FBF92FD3531704-2023-12-31-it.zip,https://filings.xbrl.org/815600FBF92FD3531704/2023-12-31/ESEF/IT/1/815600FBF92FD3531704-2023-12-31-it.zip
815600B7FD80E48C1896,815600B7FD80E48C1896-2023-12-31-ESEF-IT-0,2023-12-31,IT,/815600B7FD80E48C1896/2023-12-31/ESEF/IT/0/815600B7FD80E48C1896-2023-12-31.zip,https://filings.xbrl.org/815600B7FD80E48C1896/2023-12-31/ESEF/IT/0/815600B7FD80E48C1896-2023-12-31.zip
81560026FA1A26642782,81560026FA1A26642782-2023-12-31-ESEF-IT-0,2023-12-31,IT,/81560026FA1A26642782/2023-12-31/ESEF/IT/0/81560026FA1A26642782-2023-12-31-en.zip,https://filings.xbrl.org/81560026FA1A26642782/2023-12-31/ESEF/IT/0/81560026FA1A26642782-2023-12-31-en.zip
815600D85A61200A1B83,815600D85A61200A1B83-2023-12-31-ESEF-IT-0,2023-12-31,IT,/815600D85A61200A1B83/2023-12-31/ESEF/IT/0/815600D85A61200A1B83-2023-12-31.zip,https://filings.xbrl.org/815600D85A61200A1B83/2023-12-31/ESEF/IT/0/815600D85A61200A1B83-2023-12-31.zip
815600B7FD80E48C1896,815600B7FD80E48C1896-2023-12-31-ESEF-IT-1,2023-12-31,IT,/815600B7FD80E48C1896/2023-12-31/ESEF/IT/1/815600B7FD80E48C1896-2023-12-31.zip,https://filings.xbrl.org/815600B7FD80E48C1896/2023-12-31/ESEF/IT/1/815600B7FD80E48C1896-2023-12-31.zip
8156004B244AA70DE787,8156004B244AA70DE787-2023-12-31-ESEF-IT-0,2023-12-31,IT,/8156004B244AA70DE787/2023-12-31/ESEF/IT/0/8156004B244AA70DE787-2023-12-31-it.zip,https://filings.xbrl.org/8156004B244AA70DE787/2023-12-31/ESEF/IT/0/8156004B244AA70DE787-2023-12-31-it.zip
WOCMU6HCI0OJWNPRZS33,WOCMU6HCI0OJWNPRZS33-2023-12-31-ESEF-IT-0,2023-12-31,IT,/WOCMU6HCI0OJWNPRZS33/2023-12-31/ESEF/IT/0/WOCMU6HCI0OJWNPRZS33-2023-12-31-en.zip,https://filings.xbrl.org/WOCMU6HCI0OJWNPRZS33/2023-12-31/ESEF/IT/0/WOCMU6HCI0OJWNPRZS33-2023-12-31-en.zip
WOCMU6HCI0OJWNPRZS33,WOCMU6HCI0OJWNPRZS33-2023-12-31-ESEF-IT-1,2023-12-31,IT,/WOCMU6HCI0OJWNPRZS33/2023-12-31/ESEF/IT/1/WOCMU6HCI0OJWNPRZS33-2023-12-31-it.zip,https://filings.xbrl.org/WOCMU6HCI0OJWNPRZS33/2023-12-31/ESEF/IT/1/WOCMU6HCI0OJWNPRZS33-2023-12-31-it.zip
8156002FF3087F1D0E94,8156002FF3087F1D0E94-2023-12-31-ESEF-IT-0,2023-12-31,IT,/8156002FF3087F1D0E94/2023-12-31/ESEF/IT/0/8156002FF3087F1D0E94-2023-12-31-it.zip,https://filings.xbrl.org/8156002FF3087F1D0E94/2023-12-31/ESEF/IT/0/8156002FF3087F1D0E94-2023-12-31-it.zip
815600933B80FBBBD242,815600933B80FBBBD242-2023-12-31-ESEF-IT-0,2023-12-31,IT,/815600933B80FBBBD242/2023-12-31/ESEF/IT/0/815600933B80FBBBD242-2023-12-31-it.zip,https://filings.xbrl.org/815600933B80FBBBD242/2023-12-31/ESEF/IT/0/815600933B80FBBBD242-2023-12-31-it.zip
8156007833AB49068789,8156007833AB49068789-2023-12-31-ESEF-IT-0,2023-12-31,IT,/8156007833AB49068789/2023-12-31/ESEF/IT/0/8156007833AB49068789-2023-12-31-it.zip,https://filings.xbrl.org/8156007833AB49068789/2023-12-31/ESEF/IT/0/8156007833AB49068789-2023-12-31-it.zip
8156002ED0F23DC0D147,8156002ED0F23DC0D147-2023-12-31-ESEF-IT-0,2023-12-31,IT,/8156002ED0F23DC0D147/2023-12-31/ESEF/IT/0/8156002ED0F23DC0D147-2023-12-31-it.zip,https://filings.xbrl.org/8156002ED0F23DC0D147/2023-12-31/ESEF/IT/0/8156002ED0F23DC0D147-2023-12-31-it.zip
J48C8PCSJVUBR8KCW529,J48C8PCSJVUBR8KCW529-2023-12-31-ESEF-IT-0,2023-12-31,IT,/J48C8PCSJVUBR8KCW529/2023-12-31/ESEF/IT/0/J48C8PCSJVUBR8KCW529-2023-12-31.zip,https://filings.xbrl.org/J48C8PCSJVUBR8KCW529/2023-12-31/ESEF/IT/0/J48C8PCSJVUBR8KCW529-2023-12-31.zip
815600F25FF44EF1FA76,815600F25FF44EF1FA76-2023-12-31-ESEF-IT-1,2023-12-31,IT,/815600F25FF44EF1FA76/2023-12-31/ESEF/IT/1/815600F25FF44EF1FA76-2023-12-31-en.zip,https://filings.xbrl.org/815600F25FF44EF1FA76/2023-12-31/ESEF/IT/1/815600F25FF44EF1FA76-2023-12-31-en.zip
5493000P70CQRQG8SN85,5493000P70CQRQG8SN85-2023-12-31-ESEF-IT-1,2023-12-31,IT,/5493000P70CQRQG8SN85/2023-12-31/ESEF/IT/1/5493000P70CQRQG8SN85-2023-12-31-it.zip,https://filings.xbrl.org/5493000P70CQRQG8SN85/2023-12-31/ESEF/IT/1/5493000P70CQRQG8SN85-2023-12-31-it.zip
5493003VOSQJSPCM0T38,5493003VOSQJSPCM0T38-2023-12-31-ESEF-IT-0,2023-12-31,IT,/5493003VOSQJSPCM0T38/2023-12-31/ESEF/IT/0/5493003VOSQJSPCM0T38-2023-12-31.zip,https://filings.xbrl.org/5493003VOSQJSPCM0T38/2023-12-31/ESEF/IT/0/5493003VOSQJSPCM0T38-2023-12-31.zip
815600B5D89DAB660021,815600B5D89DAB660021-2023-12-31-ESEF-IT-0,2023-12-31,IT,/815600B5D89DAB660021/2023-12-31/ESEF/IT/0/815600B5D89DAB660021-2023-12-31.zip,https://filings.xbrl.org/815600B5D89DAB660021/2023-12-31/ESEF/IT/0/815600B5D89DAB660021-2023-12-31.zip
8156002278562044AF79,8156002278562044AF79-2023-12-31-ESEF-IT-0,2023-12-31,IT,/8156002278562044AF79/2023-12-31/ESEF/IT/0/8156002278562044AF79-2023-12-31-en.zip,https://filings.xbrl.org/8156002278562044AF79/2023-12-31/ESEF/IT/0/8156002278562044AF79-2023-12-31-en.zip
8156002278562044AF79,8156002278562044AF79-2023-12-31-ESEF-IT-1,2023-12-31,IT,/8156002278562044AF79/2023-12-31/ESEF/IT/1/8156002278562044AF79-2023-12-31-it.zip,https://filings.xbrl.org/8156002278562044AF79/2023-12-31/ESEF/IT/1/8156002278562044AF79-2023-12-31-it.zip
81560025690EF8540635,81560025690EF8540635-2023-12-31-ESEF-IT-0,2023-12-31,IT,/81560025690EF8540635/2023-12-31/ESEF/IT/0/81560025690EF8540635-2023-12-31-it.zip,https://filings.xbrl.org/81560025690EF8540635/2023-12-31/ESEF/IT/0/81560025690EF8540635-2023-12-31-it.zip
81560022EE962F731A95,81560022EE962F731A95-2023-12-31-ESEF-IT-0,2023-12-31,IT,/81560022EE962F731A95/2023-12-31/ESEF/IT/0/81560022EE962F731A95-2023-12-31-it.zip,https://filings.xbrl.org/81560022EE962F731A95/2023-12-31/ESEF/IT/0/81560022EE962F731A95-2023-12-31-it.zip
8156000B22320A2F5365,8156000B22320A2F5365-2023-12-31-ESEF-IT-0,2023-12-31,IT,/8156000B22320A2F5365/2023-12-31/ESEF/IT/0/8156000B22320A2F5365-2023-12-31.zip,https://filings.xbrl.org/8156000B22320A2F5365/2023-12-31/ESEF/IT/0/8156000B22320A2F5365-2023-12-31.zip
815600F4A5F5D3BCD688,815600F4A5F5D3BCD688-2023-12-31-ESEF-IT-0,2023-12-31,IT,/815600F4A5F5D3BCD688/2023-12-31/ESEF/IT/0/815600F4A5F5D3BCD688-2023-12-31.zip,https://filings.xbrl.org/815600F4A5F5D3BCD688/2023-12-31/ESEF/IT/0/815600F4A5F5D3BCD688-2023-12-31.zip
8156009414FD99443B48,8156009414FD99443B48-2023-12-31-ESEF-IT-1,2023-12-31,IT,/8156009414FD99443B48/2023-12-31/ESEF/IT/1/8156009414FD99443B48-2023-12-31-it.zip,https://filings.xbrl.org/8156009414FD99443B48/2023-12-31/ESEF/IT/1/8156009414FD99443B48-2023-12-31-it.zip
815600320CCB55749A30,815600320CCB55749A30-2023-12-31-ESEF-IT-0,2023-12-31,IT,/815600320CCB55749A30/2023-12-31/ESEF/IT/0/815600320CCB55749A30-2023-12-31-it.zip,https://filings.xbrl.org/815600320CCB55749A30/2023-12-31/ESEF/IT/0/815600320CCB55749A30-2023-12-31-it.zip
5299005KJSU2AQUJUH84,5299005KJSU2AQUJUH84-2023-12-31-ESEF-IT-0,2023-12-31,IT,/5299005KJSU2AQUJUH84/2023-12-31/ESEF/IT/0/5299005KJSU2AQUJUH84-2023-12-31-it.zip,https://filings.xbrl.org/5299005KJSU2AQUJUH84/2023-12-31/ESEF/IT/0/5299005KJSU2AQUJUH84-2023-12-31-it.zip
8156005DBE6CA468DD09,8156005DBE6CA468DD09-2023-12-31-ESEF-IT-0,2023-12-31,IT,/8156005DBE6CA468DD09/2023-12-31/ESEF/IT/0/8156005DBE6CA468DD09-2023-12-31-it.zip,https://filings.xbrl.org/8156005DBE6CA468DD09/2023-12-31/ESEF/IT/0/8156005DBE6CA468DD09-2023-12-31-it.zip
81560044F0823D572303,81560044F0823D572303-2023-12-31-ESEF-IT-0,2023-12-31,IT,/81560044F0823D572303/2023-12-31/ESEF/IT/0/81560044F0823D572303-2023-12-31-it.zip,https://filings.xbrl.org/81560044F0823D572303/2023-12-31/ESEF/IT/0/81560044F0823D572303-2023-12-31-it.zip
815600FD458593DC6962,815600FD458593DC6962-2023-12-31-ESEF-IT-0,2023-12-31,IT,/815600FD458593DC6962/2023-12-31/ESEF/IT/0/815600FD458593DC6962-2023-12-31.zip,https://filings.xbrl.org/815600FD458593DC6962/2023-12-31/ESEF/IT/0/815600FD458593DC6962-2023-12-31.zip
815600F25FF44EF1FA76,815600F25FF44EF1FA76-2023-12-31-ESEF-IT-0,2023-12-31,IT,/815600F25FF44EF1FA76/2023-12-31/ESEF/IT/0/815600F25FF44EF1FA76-2023-12-31-it.zip,https://filings.xbrl.org/815600F25FF44EF1FA76/2023-12-31/ESEF/IT/0/815600F25FF44EF1FA76-2023-12-31-it.zip
5493000P70CQRQG8SN85,5493000P70CQRQG8SN85-2023-12-31-ESEF-IT-0,2023-12-31,IT,/5493000P70CQRQG8SN85/2023-12-31/ESEF/IT/0/5493000P70CQRQG8SN85-2023-12-31-en.zip,https://filings.xbrl.org/5493000P70CQRQG8SN85/2023-12-31/ESEF/IT/0/5493000P70CQRQG8SN85-2023-12-31-en.zip
815600C79D0F31F4D395,815600C79D0F31F4D395-2023-12-31-ESEF-IT-0,2023-12-31,IT,/815600C79D0F31F4D395/2023-12-31/ESEF/IT/0/815600C79D0F31F4D395-2023-12-31-it.zip,https://filings.xbrl.org/815600C79D0F31F4D395/2023-12-31/ESEF/IT/0/815600C79D0F31F4D395-2023-12-31-it.zip
815600FDE04504053372,815600FDE04504053372-2023-12-31-ESEF-IT-0,2023-12-31,IT,/815600FDE04504053372/2023-12-31/ESEF/IT/0/815600FDE04504053372-2023-12-31-it.zip,https://filings.xbrl.org/815600FDE04504053372/2023-12-31/ESEF/IT/0/815600FDE04504053372-2023-12-31-it.zip
81560001692D0424C949,81560001692D0424C949-2023-12-31-ESEF-IT-0,2023-12-31,IT,/81560001692D0424C949/2023-12-31/ESEF/IT/0/81560001692D0424C949-2023-12-31.zip,https://filings.xbrl.org/81560001692D0424C949/2023-12-31/ESEF/IT/0/81560001692D0424C949-2023-12-31.zip
8156009414FD99443B48,8156009414FD99443B48-2023-12-31-ESEF-IT-0,2023-12-31,IT,/8156009414FD99443B48/2023-12-31/ESEF/IT/0/8156009414FD99443B48-2023-12-31-it.zip,https://filings.xbrl.org/8156009414FD99443B48/2023-12-31/ESEF/IT/0/8156009414FD99443B48-2023-12-31-it.zip
8156005CF920F2A40C13,8156005CF920F2A40C13-2023-12-31-ESEF-IT-0,2023-12-31,IT,/8156005CF920F2A40C13/2023-12-31/ESEF/IT/0/8156005CF920F2A40C13-2023-12-31-it.zip,https://filings.xbrl.org/8156005CF920F2A40C13/2023-12-31/ESEF/IT/0/8156005CF920F2A40C13-2023-12-31-it.zip
BUCRF72VH5RBN7X3VL35,BUCRF72VH5RBN7X3VL35-2023-12-31-ESEF-IT-0,2023-12-31,IT,/BUCRF72VH5RBN7X3VL35/2023-12-31/ESEF/IT/0/BUCRF72VH5RBN7X3VL35-2023-12-31-it.zip,https://filings.xbrl.org/BUCRF72VH5RBN7X3VL35/2023-12-31/ESEF/IT/0/BUCRF72VH5RBN7X3VL35-2023-12-31-it.zip
815600CEF28BF58C1651,815600CEF28BF58C1651-2023-12-31-ESEF-IT-0,2023-12-31,IT,/815600CEF28BF58C1651/2023-12-31/ESEF/IT/0/815600CEF28BF58C1651-2023-12-31-it.zip,https://filings.xbrl.org/815600CEF28BF58C1651/2023-12-31/ESEF/IT/0/815600CEF28BF58C1651-2023-12-31-it.zip
8156004FC8565D73AE78,8156004FC8565D73AE78-2023-12-31-ESEF-IT-0,2023-12-31,IT,/8156004FC8565D73AE78/2023-12-31/ESEF/IT/0/8156004FC8565D73AE78-2023-12-31.zip,https://filings.xbrl.org/8156004FC8565D73AE78/2023-12-31/ESEF/IT/0/8156004FC8565D73AE78-2023-12-31.zip
815600DC9FA897709242,815600DC9FA897709242-2023-12-31-ESEF-IT-1,2023-12-31,IT,/815600DC9FA897709242/2023-12-31/ESEF/IT/1/815600DC9FA897709242-2023-12-31-en.zip,https://filings.xbrl.org/815600DC9FA897709242/2023-12-31/ESEF/IT/1/815600DC9FA897709242-2023-12-31-en.zip
81560048ECF8D2059980,81560048ECF8D2059980-2023-12-31-ESEF-IT-0,2023-12-31,IT,/81560048ECF8D2059980/2023-12-31/ESEF/IT/0/81560048ECF8D2059980-2023-12-31-it.zip,https://filings.xbrl.org/81560048ECF8D2059980/2023-12-31/ESEF/IT/0/81560048ECF8D2059980-2023-12-31-it.zip
81560096A9AEBBBD4B25,81560096A9AEBBBD4B25-2023-12-31-ESEF-IT-0,2023-12-31,IT,/81560096A9AEBBBD4B25/2023-12-31/ESEF/IT/0/81560096A9AEBBBD4B25-2023-12-31-it.zip,https://filings.xbrl.org/81560096A9AEBBBD4B25/2023-12-31/ESEF/IT/0/81560096A9AEBBBD4B25-2023-12-31-it.zip
815600FE9E92D9D6C309,815600FE9E92D9D6C309-2023-12-31-ESEF-IT-0,2023-12-31,IT,/815600FE9E92D9D6C309/2023-12-31/ESEF/IT/0/815600FE9E92D9D6C309-2023-12-31.zip,https://filings.xbrl.org/815600FE9E92D9D6C309/2023-12-31/ESEF/IT/0/815600FE9E92D9D6C309-2023-12-31.zip
81560013EACB40B52D17,81560013EACB40B52D17-2023-12-31-ESEF-IT-0,2023-12-31,IT,/81560013EACB40B52D17/2023-12-31/ESEF/IT/0/81560013EACB40B52D17-2023-12-31-en.zip,https://filings.xbrl.org/81560013EACB40B52D17/2023-12-31/ESEF/IT/0/81560013EACB40B52D17-2023-12-31-en.zip
81560013EACB40B52D17,81560013EACB40B52D17-2023-12-31-ESEF-IT-1,2023-12-31,IT,/81560013EACB40B52D17/2023-12-31/ESEF/IT/1/81560013EACB40B52D17-2023-12-31-en.zip,https://filings.xbrl.org/81560013EACB40B52D17/2023-12-31/ESEF/IT/1/81560013EACB40B52D17-2023-12-31-en.zip
815600B9149F66E77F76,815600B9149F66E77F76-2023-12-31-ESEF-IT-0,2023-12-31,IT,/815600B9149F66E77F76/2023-12-31/ESEF/IT/0/815600B9149F66E77F76-2023-12-31-en.zip,https://filings.xbrl.org/815600B9149F66E77F76/2023-12-31/ESEF/IT/0/815600B9149F66E77F76-2023-12-31-en.zip
81560029E2CE4D14F425,81560029E2CE4D14F425-2023-12-31-ESEF-IT-0,2023-12-31,IT,/81560029E2CE4D14F425/2023-12-31/ESEF/IT/0/81560029E2CE4D14F425-2023-12-31-en.zip,https://filings.xbrl.org/81560029E2CE4D14F425/2023-12-31/ESEF/IT/0/81560029E2CE4D14F425-2023-12-31-en.zip
8156009E94ED54DE7C31,8156009E94ED54DE7C31-2023-12-31-ESEF-IT-0,2023-12-31,IT,/8156009E94ED54DE7C31/2023-12-31/ESEF/IT/0/8156009E94ED54DE7C31-2023-12-31.zip,https://filings.xbrl.org/8156009E94ED54DE7C31/2023-12-31/ESEF/IT/0/8156009E94ED54DE7C31-2023-12-31.zip
8156009E94ED54DE7C31,8156009E94ED54DE7C31-2023-12-31-ESEF-IT-1,2023-12-31,IT,/8156009E94ED54DE7C31/2023-12-31/ESEF/IT/1/8156009E94ED54DE7C31-2023-12-31.zip,https://filings.xbrl.org/8156009E94ED54DE7C31/2023-12-31/ESEF/IT/1/8156009E94ED54DE7C31-2023-12-31.zip
815600EB5D56D95BA637,815600EB5D56D95BA637-2023-12-31-ESEF-IT-0,2023-12-31,IT,/815600EB5D56D95BA637/2023-12-31/ESEF/IT/0/815600EB5D56D95BA637-2023-12-31-it.zip,https://filings.xbrl.org/815600EB5D56D95BA637/2023-12-31/ESEF/IT/0/815600EB5D56D95BA637-2023-12-31-it.zip
J4CP7MHCXR8DAQMKIL78,J4CP7MHCXR8DAQMKIL78-2023-12-31-ESEF-IT-1,2023-12-31,IT,/J4CP7MHCXR8DAQMKIL78/2023-12-31/ESEF/IT/1/J4CP7MHCXR8DAQMKIL78-2023-12-31.zip,https://filings.xbrl.org/J4CP7MHCXR8DAQMKIL78/2023-12-31/ESEF/IT/1/J4CP7MHCXR8DAQMKIL78-2023-12-31.zip
815600D87CFDAE412862,815600D87CFDAE412862-2023-12-31-ESEF-IT-0,2023-12-31,IT,/815600D87CFDAE412862/2023-12-31/ESEF/IT/0/815600D87CFDAE412862-2023-12-31-it.zip,https://filings.xbrl.org/815600D87CFDAE412862/2023-12-31/ESEF/IT/0/815600D87CFDAE412862-2023-12-31-it.zip
5299003DX5YLKSVJ6K59,5299003DX5YLKSVJ6K59-2023-12-31-ESEF-IT-0,2023-12-31,IT,/5299003DX5YLKSVJ6K59/2023-12-31/ESEF/IT/0/5299003DX5YLKSVJ6K59-2023-12-31-it.zip,https://filings.xbrl.org/5299003DX5YLKSVJ6K59/2023-12-31/ESEF/IT/0/5299003DX5YLKSVJ6K59-2023-12-31-it.zip
815600B9149F66E77F76,815600B9149F66E77F76-2023-12-31-ESEF-IT-1,2023-12-31,IT,/815600B9149F66E77F76/2023-12-31/ESEF/IT/1/815600B9149F66E77F76-2023-12-31-it.zip,https://filings.xbrl.org/815600B9149F66E77F76/2023-12-31/ESEF/IT/1/815600B9149F66E77F76-2023-12-31-it.zip
81560029E2CE4D14F425,81560029E2CE4D14F425-2023-12-31-ESEF-IT-1,2023-12-31,IT,/81560029E2CE4D14F425/2023-12-31/ESEF/IT/1/81560029E2CE4D14F425-2023-12-31-it.zip,https://filings.xbrl.org/81560029E2CE4D14F425/2023-12-31/ESEF/IT/1/81560029E2CE4D14F425-2023-12-31-it.zip
815600BACF507EC30687,815600BACF507EC30687-2023-12-31-ESEF-IT-0,2023-12-31,IT,/815600BACF507EC30687/2023-12-31/ESEF/IT/0/restartspa-2023-12-31-it.zip,https://filings.xbrl.org/815600BACF507EC30687/2023-12-31/ESEF/IT/0/restartspa-2023-12-31-it.zip
8156009F95C37526C483,8156009F95C37526C483-2023-12-31-ESEF-IT-0,2023-12-31,IT,/8156009F95C37526C483/2023-12-31/ESEF/IT/0/8156009F95C37526C483-2023-12-31.zip,https://filings.xbrl.org/8156009F95C37526C483/2023-12-31/ESEF/IT/0/8156009F95C37526C483-2023-12-31.zip
815600C51E545058C757,815600C51E545058C757-2023-12-31-ESEF-IT-0,2023-12-31,IT,/815600C51E545058C757/2023-12-31/ESEF/IT/0/815600C51E545058C757-2023-12-31.zip,https://filings.xbrl.org/815600C51E545058C757/2023-12-31/ESEF/IT/0/815600C51E545058C757-2023-12-31.zip
815600354DEDBD0BA991,815600354DEDBD0BA991-2023-12-31-ESEF-IT-1,2023-12-31,IT,/815600354DEDBD0BA991/2023-12-31/ESEF/IT/1/815600354DEDBD0BA991-2023-12-31.zip,https://filings.xbrl.org/815600354DEDBD0BA991/2023-12-31/ESEF/IT/1/815600354DEDBD0BA991-2023-12-31.zip
815600EAD78C57FCE690,815600EAD78C57FCE690-2023-12-31-ESEF-IT-1,2023-12-31,IT,/815600EAD78C57FCE690/2023-12-31/ESEF/IT/1/815600EAD78C57FCE690-2023-12-31.zip,https://filings.xbrl.org/815600EAD78C57FCE690/2023-12-31/ESEF/IT/1/815600EAD78C57FCE690-2023-12-31.zip
81560013C60D757C6523,81560013C60D757C6523-2023-12-31-ESEF-IT-0,2023-12-31,IT,/81560013C60D757C6523/2023-12-31/ESEF/IT/0/81560013C60D757C6523-2023-12-31.zip,https://filings.xbrl.org/81560013C60D757C6523/2023-12-31/ESEF/IT/0/81560013C60D757C6523-2023-12-31.zip
815600DADF851874C681,815600DADF851874C681-2023-12-31-ESEF-IT-0,2023-12-31,IT,/815600DADF851874C681/2023-12-31/ESEF/IT/0/815600DADF851874C681-2023-12-31-it.zip,https://filings.xbrl.org/815600DADF851874C681/2023-12-31/ESEF/IT/0/815600DADF851874C681-2023-12-31-it.zip
81560096F26ACF910809,81560096F26ACF910809-2023-12-31-ESEF-IT-0,2023-12-31,IT,/81560096F26ACF910809/2023-12-31/ESEF/IT/0/81560096F26ACF910809-2023-12-31-it.zip,https://filings.xbrl.org/81560096F26ACF910809/2023-12-31/ESEF/IT/0/81560096F26ACF910809-2023-12-31-it.zip
815600D2F3EFE8C1F084,815600D2F3EFE8C1F084-2023-12-31-ESEF-IT-0,2023-12-31,IT,/815600D2F3EFE8C1F084/2023-12-31/ESEF/IT/0/netweekspa-2023-12-31-it.zip,https://filings.xbrl.org/815600D2F3EFE8C1F084/2023-12-31/ESEF/IT/0/netweekspa-2023-12-31-it.zip
815600EE82868C20A274,815600EE82868C20A274-2023-12-31-ESEF-IT-0,2023-12-31,IT,/815600EE82868C20A274/2023-12-31/ESEF/IT/0/815600EE82868C20A274-2023-12-31-it.zip,https://filings.xbrl.org/815600EE82868C20A274/2023-12-31/ESEF/IT/0/815600EE82868C20A274-2023-12-31-it.zip
815600C194D5A5391443,815600C194D5A5391443-2023-12-31-ESEF-IT-0,2023-12-31,IT,/815600C194D5A5391443/2023-12-31/ESEF/IT/0/815600C194D5A5391443-2023-12-31-it.zip,https://filings.xbrl.org/815600C194D5A5391443/2023-12-31/ESEF/IT/0/815600C194D5A5391443-2023-12-31-it.zip
815600D946B58C2B1D55,815600D946B58C2B1D55-2023-12-31-ESEF-IT-0,2023-12-31,IT,/815600D946B58C2B1D55/2023-12-31/ESEF/IT/0/815600D946B58C2B1D55-2023-12-31-it.zip,https://filings.xbrl.org/815600D946B58C2B1D55/2023-12-31/ESEF/IT/0/815600D946B58C2B1D55-2023-12-31-it.zip
81560052ACB913425086,81560052ACB913425086-2023-12-31-ESEF-IT-0,2023-12-31,IT,/81560052ACB913425086/2023-12-31/ESEF/IT/0/81560052ACB913425086-2023-12-31-it.zip,https://filings.xbrl.org/81560052ACB913425086/2023-12-31/ESEF/IT/0/81560052ACB913425086-2023-12-31-it.zip
815600807B866042D307,815600807B866042D307-2023-12-31-ESEF-IT-0,2023-12-31,IT,/815600807B866042D307/2023-12-31/ESEF/IT/0/815600807B866042D307-2023-12-31-en.zip,https://filings.xbrl.org/815600807B866042D307/2023-12-31/ESEF/IT/0/815600807B866042D307-2023-12-31-en.zip
815600807B866042D307,815600807B866042D307-2023-12-31-ESEF-IT-1,2023-12-31,IT,/815600807B866042D307/2023-12-31/ESEF/IT/1/815600807B866042D307-2023-12-31.zip,https://filings.xbrl.org/815600807B866042D307/2023-12-31/ESEF/IT/1/815600807B866042D307-2023-12-31.zip
815600DA4FA5A5D4CD58,815600DA4FA5A5D4CD58-2023-12-31-ESEF-IT-0,2023-12-31,IT,/815600DA4FA5A5D4CD58/2023-12-31/ESEF/IT/0/815600DA4FA5A5D4CD58-2023-12-31-it.zip,https://filings.xbrl.org/815600DA4FA5A5D4CD58/2023-12-31/ESEF/IT/0/815600DA4FA5A5D4CD58-2023-12-31-it.zip
